Data;Origem;Soma de Captação
04/01/2021;Offshore;-23571,34745
04/01/2021;Onshore;-3179724,89
05/01/2021;Offshore;-532690
05/01/2021;Onshore;1509833,65
06/01/2021;Onshore;-1139432,14
07/01/2021;Offshore;-267,165
07/01/2021;Onshore;753172,8202
08/01/2021;Onshore;1264114,34
11/01/2021;Onshore;2380576,88
12/01/2021;Onshore;584240,75
13/01/2021;Offshore;530700
13/01/2021;Onshore;-2081593,79
14/01/2021;Onshore;-1152430,13
15/01/2021;Onshore;2550047,663
18/01/2021;Onshore;2029261,67
19/01/2021;Offshore;-169424
19/01/2021;Onshore;163102,4277
20/01/2021;Onshore;2944777,917
21/01/2021;Onshore;1783624,194
22/01/2021;Onshore;6028065,01
25/01/2021;Offshore;176284,8
25/01/2021;Onshore;271456,12
26/01/2021;Onshore;-759144,52
27/01/2021;Onshore;725515,13
28/01/2021;Onshore;-2404285,36
29/01/2021;Offshore;-19165,65
29/01/2021;Onshore;1286617,408
01/02/2021;Offshore;973021,2895
01/02/2021;Onshore;1227038,1
02/02/2021;Offshore;-23210,643
02/02/2021;Onshore;3482781,04
03/02/2021;Onshore;156173,55
04/02/2021;Onshore;957731,15
05/02/2021;Onshore;2320493,5
08/02/2021;Onshore;1203453,96
09/02/2021;Onshore;34776,6
10/02/2021;Onshore;3731826,13
11/02/2021;Onshore;3617858,96
12/02/2021;Onshore;712562
17/02/2021;Onshore;785681,4942
18/02/2021;Onshore;1273768,951
19/02/2021;Onshore;-439155,0711
22/02/2021;Onshore;12436446,26
23/02/2021;Onshore;2469708,2
24/02/2021;Onshore;-1382706,34
25/02/2021;Onshore;4481019,74
26/02/2021;Onshore;2307290,67
01/03/2021;Offshore;-77368,85901
01/03/2021;Onshore;1039818,75
02/03/2021;Offshore;-24538,58845
02/03/2021;Onshore;150814,13
03/03/2021;Onshore;228139,16
04/03/2021;Onshore;1926141,36
05/03/2021;Onshore;435947,22
08/03/2021;Offshore;18892,05275
08/03/2021;Onshore;826968,53
09/03/2021;Onshore;2082223,52
10/03/2021;Onshore;5817544,5
11/03/2021;Onshore;-2317977,39
12/03/2021;Onshore;190484,35
15/03/2021;Onshore;1716641,039
16/03/2021;Onshore;2168551,14
17/03/2021;Onshore;1100967,47
18/03/2021;Offshore;443514,63
18/03/2021;Onshore;1232650,08
19/03/2021;Onshore;34819,41
22/03/2021;Onshore;825222,53
23/03/2021;Onshore;425922,68
24/03/2021;Onshore;1242513,73
25/03/2021;Onshore;1948135,19
26/03/2021;Onshore;415295,73
29/03/2021;Onshore;-135056,63
30/03/2021;Offshore;-18743,85263
30/03/2021;Onshore;2504814,42
31/03/2021;Onshore;6135945,35
01/04/2021;Offshore;-9017,672625
01/04/2021;Onshore;1023928,93
02/04/2021;Offshore;-5080,651979
05/04/2021;Offshore;-19367,67065
05/04/2021;Onshore;881525,38
06/04/2021;Onshore;2394687,56
07/04/2021;Onshore;752613,75
08/04/2021;Onshore;2411860,84
09/04/2021;Onshore;577034,73
12/04/2021;Offshore;-12023,675
12/04/2021;Onshore;546867,07
13/04/2021;Onshore;-106214,08
14/04/2021;Onshore;-900466,89
15/04/2021;Onshore;541813,8
16/04/2021;Onshore;1013894,72
19/04/2021;Onshore;1198667,54
20/04/2021;Offshore;-193431
20/04/2021;Onshore;-824252,43
21/04/2021;Offshore;5188051,844
22/04/2021;Onshore;3352949,78
23/04/2021;Onshore;1361731,85
26/04/2021;Offshore;-261,9168
26/04/2021;Onshore;2432833,321
27/04/2021;Onshore;688656,58
28/04/2021;Offshore;43931464,48
28/04/2021;Onshore;203260,24
29/04/2021;Onshore;-30848,52
30/04/2021;Onshore;159519,93
03/05/2021;Offshore;-1703,7405
03/05/2021;Onshore;859209,3
04/05/2021;Offshore;9331198,225
04/05/2021;Onshore;782446,74
05/05/2021;Onshore;-84548,49
06/05/2021;Offshore;-18107,27786
06/05/2021;Onshore;533985,83
07/05/2021;Offshore;6192605,666
07/05/2021;Onshore;957164,32
10/05/2021;Onshore;910662,07
11/05/2021;Onshore;-51304,19
12/05/2021;Offshore;-52353
12/05/2021;Onshore;3729006,28
13/05/2021;Onshore;741802,72
14/05/2021;Onshore;-118183,13
17/05/2021;Offshore;-21178,11008
17/05/2021;Onshore;-898308,05
18/05/2021;Onshore;2178894,81
19/05/2021;Onshore;253294,11
20/05/2021;Offshore;-58134,87087
20/05/2021;Onshore;907346,47
21/05/2021;Offshore;-509,0592
21/05/2021;Onshore;2273734,51
24/05/2021;Onshore;1030400,09
25/05/2021;Onshore;1289986,059
26/05/2021;Onshore;2299380,19
27/05/2021;Onshore;884087,8364
28/05/2021;Onshore;5389912,56
31/05/2021;Onshore;-2725644,46
01/06/2021;Offshore;449878,7533
01/06/2021;Onshore;679688,13
02/06/2021;Offshore;-27083,51288
02/06/2021;Onshore;596801,84
04/06/2021;Onshore;-1273224,65
07/06/2021;Onshore;11500145,16
08/06/2021;Offshore;252801,1999
08/06/2021;Onshore;599203,02
09/06/2021;Onshore;71335,4
10/06/2021;Onshore;-2625438,31
11/06/2021;Onshore;141155,76
14/06/2021;Onshore;11205711,84
15/06/2021;Onshore;162741,81
16/06/2021;Onshore;1293790,36
17/06/2021;Onshore;19068109,4
18/06/2021;Offshore;251570
18/06/2021;Onshore;-2009157,75
21/06/2021;Onshore;539159,27
22/06/2021;Offshore;-3022973,546
22/06/2021;Onshore;394322,49
23/06/2021;Onshore;-814,24
24/06/2021;Onshore;-1933389,561
25/06/2021;Onshore;282892,88
28/06/2021;Offshore;172970
28/06/2021;Onshore;-201271,2681
29/06/2021;Offshore;-29915,5687
29/06/2021;Onshore;4446349,52
30/06/2021;Onshore;3397130,3
01/07/2021;Onshore;1881371,39
02/07/2021;Offshore;-21766,8104
02/07/2021;Onshore;1118421,111
05/07/2021;Onshore;638602,11
06/07/2021;Onshore;688669,77
07/07/2021;Offshore;42003530,29
07/07/2021;Onshore;1125689,25
08/07/2021;Onshore;876627,78
09/07/2021;Onshore;75068,44
12/07/2021;Offshore;-277770,4347
12/07/2021;Onshore;893645,82
13/07/2021;Onshore;2794949,198
14/07/2021;Onshore;2647879,314
15/07/2021;Onshore;1015044,89
16/07/2021;Onshore;2014410,75
19/07/2021;Offshore;-67,25343888
19/07/2021;Onshore;243606,1236
20/07/2021;Offshore;-17,52619553
20/07/2021;Onshore;1334183,775
21/07/2021;Onshore;-11180106,53
22/07/2021;Onshore;1889519,57
23/07/2021;Onshore;3227703,62
26/07/2021;Offshore;-248,9424
26/07/2021;Onshore;49330,37
27/07/2021;Onshore;-3287074,05
28/07/2021;Onshore;713722,14
29/07/2021;Onshore;3975379,97
30/07/2021;Offshore;-9445,357152
30/07/2021;Onshore;398254,85
02/08/2021;Offshore;-22179,44086
02/08/2021;Onshore;3079049,81
03/08/2021;Onshore;3416847,72
04/08/2021;Offshore;-250,0368
04/08/2021;Onshore;2740159,691
05/08/2021;Onshore;1839391,81
06/08/2021;Onshore;2798423,75
09/08/2021;Onshore;834075,0125
10/08/2021;Onshore;9980918,39
11/08/2021;Onshore;5171656,63
12/08/2021;Onshore;2064917,46
13/08/2021;Onshore;2230921,9
16/08/2021;Offshore;-251,976
16/08/2021;Onshore;978198,59
17/08/2021;Offshore;-252,408
17/08/2021;Onshore;3326390,13
18/08/2021;Onshore;2688939,11
19/08/2021;Onshore;1954019,36
20/08/2021;Onshore;-1291660,185
23/08/2021;Onshore;3510189,3
24/08/2021;Onshore;1931109,17
25/08/2021;Onshore;1179339,261
26/08/2021;Onshore;2285093,31
27/08/2021;Onshore;308083,8219
30/08/2021;Offshore;-30301,15986
30/08/2021;Onshore;706591,7
31/08/2021;Onshore;1054958,75
01/09/2021;Onshore;4287165,74
02/09/2021;Offshore;-4623,608685
02/09/2021;Onshore;206440,0512
03/09/2021;Offshore;-17692,39572
03/09/2021;Onshore;485720,395
06/09/2021;Onshore;-135271,53
08/09/2021;Onshore;189751,7116
09/09/2021;Onshore;7273525,062
10/09/2021;Onshore;5137839,295
13/09/2021;Offshore;-250,512
13/09/2021;Onshore;-119183,1146
14/09/2021;Onshore;4984203,967
15/09/2021;Offshore;-1726142,004
15/09/2021;Onshore;-3816787,986
16/09/2021;Offshore;-4260114
16/09/2021;Onshore;301074,8
17/09/2021;Onshore;1166450,56
20/09/2021;Onshore;-1349156,59
21/09/2021;Onshore;1325713,44
22/09/2021;Offshore;-395872,5
22/09/2021;Onshore;-152361,39
23/09/2021;Offshore;-5955526,6
23/09/2021;Onshore;864189,89
24/09/2021;Offshore;-166984,375
24/09/2021;Onshore;1282403,97
27/09/2021;Onshore;-968846,45
28/09/2021;Offshore;-542060
28/09/2021;Onshore;-705361,03
29/09/2021;Offshore;209499,5591
29/09/2021;Onshore;1416433,12
30/09/2021;Onshore;2971151,69
01/10/2021;Onshore;-1669030,874
04/10/2021;Offshore;-23398,94533
04/10/2021;Onshore;-632254,42
05/10/2021;Onshore;-9348979,55
06/10/2021;Onshore;-197479,1
07/10/2021;Onshore;462119,66
08/10/2021;Onshore;5198624,8
11/10/2021;Onshore;153249,0868
12/10/2021;Offshore;-260,1792
13/10/2021;Onshore;-194765,33
14/10/2021;Onshore;-122331,8489
15/10/2021;Onshore;3377521,7
18/10/2021;Onshore;-130578,76
19/10/2021;Onshore;809636,88
20/10/2021;Onshore;1269606,14
21/10/2021;Onshore;-515887,45
22/10/2021;Onshore;1906713,73
25/10/2021;Onshore;-44769,03
26/10/2021;Onshore;-1101887,29
27/10/2021;Onshore;1181174,45
28/10/2021;Onshore;-624841,1696
29/10/2021;Onshore;-519319,59
01/11/2021;Offshore;-10289,67753
01/11/2021;Onshore;-674664,91
02/11/2021;Offshore;-5066,799474
03/11/2021;Offshore;-302759,5057
03/11/2021;Onshore;-110612,9245
04/11/2021;Onshore;-415529,4
05/11/2021;Onshore;824002,3717
08/11/2021;Onshore;1074250,68
09/11/2021;Onshore;1406219,41
10/11/2021;Offshore;-54590
10/11/2021;Onshore;729112,52
11/11/2021;Onshore;1523713,768
12/11/2021;Onshore;1164676,07
16/11/2021;Onshore;-905042,86
17/11/2021;Onshore;286356,51
18/11/2021;Onshore;1716160,68
19/11/2021;Onshore;2899484,83
22/11/2021;Onshore;-746745,98
23/11/2021;Onshore;-2797445,89
24/11/2021;Onshore;237352,08
25/11/2021;Onshore;2390275,63
26/11/2021;Onshore;1063212,86
29/11/2021;Offshore;-10303,54539
29/11/2021;Onshore;-2769828,47
30/11/2021;Onshore;13143256,37
01/12/2021;Onshore;61800,64625
02/12/2021;Offshore;-24323,17864
02/12/2021;Onshore;313636,68
03/12/2021;Onshore;6042428,724
06/12/2021;Onshore;60591,56
07/12/2021;Offshore;-9448842,5
07/12/2021;Onshore;1683110,826
08/12/2021;Onshore;-211274,57
09/12/2021;Onshore;-3175712,84
10/12/2021;Onshore;-326757,04
13/12/2021;Onshore;2217981,49
14/12/2021;Onshore;1879968,11
15/12/2021;Onshore;198233,07
16/12/2021;Onshore;-419441,59
17/12/2021;Onshore;2414632,37
20/12/2021;Onshore;1120303,79
22/12/2021;Onshore;1764353,48
23/12/2021;Offshore;39842691
23/12/2021;Onshore;3230496,28
24/12/2021;Onshore;171328,72
27/12/2021;Onshore;2742638,35
28/12/2021;Offshore;161773,0931
28/12/2021;Onshore;4232112,35
29/12/2021;Offshore;-9059,04
29/12/2021;Onshore;1415553,61
30/12/2021;Offshore;-21677,78708
30/12/2021;Onshore;483158,75
31/12/2021;Onshore;66038,96
03/01/2022;Offshore;-25040,78123
03/01/2022;Onshore;-2621132,22
04/01/2022;Onshore;-100870,35
05/01/2022;Onshore;-1291791,14
06/01/2022;Offshore;-11408400
06/01/2022;Onshore;1686616,42
07/01/2022;Onshore;2161936,42
10/01/2022;Onshore;-551242,57
11/01/2022;Onshore;-2102230,89
13/01/2022;Onshore;1413385,45
14/01/2022;Onshore;-869582,62
17/01/2022;Onshore;270904,92
18/01/2022;Offshore;-10576607,8
18/01/2022;Onshore;-200389,96
19/01/2022;Onshore;-45474,74
20/01/2022;Onshore;330161,51
21/01/2022;Offshore;-2720050
21/01/2022;Onshore;1322683,38
24/01/2022;Onshore;2479,58
25/01/2022;Onshore;1444702,83
26/01/2022;Onshore;535310
27/01/2022;Onshore;-593361,07
31/01/2022;Offshore;-82188,56986
31/01/2022;Onshore;-1089250,78
01/02/2022;Offshore;-710,45293
01/02/2022;Onshore;39613,04
02/02/2022;Offshore;-21367,05757
02/02/2022;Onshore;-1847198,49
03/02/2022;Offshore;-18558,75
03/02/2022;Onshore;604356,64
04/02/2022;Offshore;10656,8
04/02/2022;Onshore;2291243,35
07/02/2022;Onshore;510924,18
08/02/2022;Offshore;-7744731,414
08/02/2022;Onshore;-374657,2
09/02/2022;Offshore;16549077,8
09/02/2022;Onshore;6756832,37
10/02/2022;Onshore;387887,4
11/02/2022;Onshore;5518605,11
14/02/2022;Onshore;8412,76
15/02/2022;Onshore;-40476,81
16/02/2022;Onshore;1040568,46
17/02/2022;Onshore;1964583,46
18/02/2022;Offshore;-96260,625
18/02/2022;Onshore;4188369,87
21/02/2022;Onshore;153112,27
22/02/2022;Onshore;43957,11
23/02/2022;Onshore;30242,79
24/02/2022;Offshore;-46921,69505
24/02/2022;Onshore;820820,9
25/02/2022;Offshore;513940
25/02/2022;Onshore;12158543,81
27/02/2022;Offshore;-700,294644
28/02/2022;Offshore;-172944,3562
02/03/2022;Offshore;-5257,470677
02/03/2022;Onshore;-2496538,13
03/03/2022;Offshore;-15199,02498
03/03/2022;Onshore;983598,26
04/03/2022;Offshore;-3138,722446
04/03/2022;Onshore;1656456,811
05/03/2022;Offshore;-1740,49182
07/03/2022;Onshore;993322,01
08/03/2022;Onshore;14155,13
09/03/2022;Onshore;-7900404,34
10/03/2022;Onshore;-1829834,4
11/03/2022;Onshore;-504821,01
14/03/2022;Onshore;-1338352,8
15/03/2022;Onshore;651668,15
16/03/2022;Onshore;6867857,93
17/03/2022;Offshore;-243,6672
17/03/2022;Onshore;-12833770,65
18/03/2022;Onshore;1475859,037
21/03/2022;Offshore;2979960
21/03/2022;Onshore;467371,48
22/03/2022;Onshore;802292,89
23/03/2022;Offshore;487040
23/03/2022;Onshore;-870215,56
24/03/2022;Offshore;240335
24/03/2022;Onshore;-20664,52
25/03/2022;Onshore;-671166,14
28/03/2022;Onshore;-1430094,652
29/03/2022;Onshore;-1948800,093
30/03/2022;Offshore;-27642,11407
30/03/2022;Onshore;-661715,9
31/03/2022;Onshore;4638161,3
01/04/2022;Offshore;-37874,74208
01/04/2022;Onshore;-581275,02
04/04/2022;Offshore;176847,6642
04/04/2022;Onshore;-712237,44
05/04/2022;Offshore;116000
05/04/2022;Onshore;-212248,07
06/04/2022;Onshore;11099234,69
07/04/2022;Onshore;-2606833,49
08/04/2022;Onshore;-1095194,68
11/04/2022;Onshore;-652585,77
12/04/2022;Onshore;53365,87
13/04/2022;Onshore;549847,18
14/04/2022;Onshore;12520134,56
17/04/2022;Offshore;-44,4512
18/04/2022;Onshore;1392418,61
19/04/2022;Offshore;-2916500
19/04/2022;Onshore;-482955,2
20/04/2022;Offshore;-10262,73802
20/04/2022;Onshore;-586339,02
22/04/2022;Onshore;1294034,92
25/04/2022;Onshore;-702606,14
26/04/2022;Onshore;1120602,39
27/04/2022;Onshore;12285439,41
28/04/2022;Onshore;-1305116,26
29/04/2022;Offshore;-32809,36399
29/04/2022;Onshore;-322031,54
01/05/2022;Offshore;0,049191
02/05/2022;Offshore;-74572,62696
02/05/2022;Onshore;-4720267,28
03/05/2022;Onshore;2540269,216
04/05/2022;Onshore;-261167,718
05/05/2022;Offshore;-7883,0325
05/05/2022;Onshore;16869,83
06/05/2022;Onshore;1328930,01
09/05/2022;Offshore;-38926,60408
09/05/2022;Onshore;5322735,25
10/05/2022;Offshore;-18757,35
10/05/2022;Onshore;574014,13
11/05/2022;Offshore;-245,9712
11/05/2022;Onshore;1831164,15
12/05/2022;Offshore;-18188,39156
12/05/2022;Onshore;1286309,83
13/05/2022;Onshore;6053787,05
16/05/2022;Onshore;1831676,67
17/05/2022;Onshore;-4535548,55
18/05/2022;Onshore;3441350,87
19/05/2022;Onshore;555295,79
20/05/2022;Onshore;5494711,93
23/05/2022;Onshore;-1253812,95
24/05/2022;Offshore;-40852,43403
24/05/2022;Onshore;-4029510,01
25/05/2022;Offshore;-135252,1921
25/05/2022;Onshore;-38808765,53
26/05/2022;Onshore;32969434,47
27/05/2022;Offshore;-623,99427
27/05/2022;Onshore;-576238,58
30/05/2022;Onshore;-854400,67
31/05/2022;Onshore;152958,86
01/06/2022;Offshore;-37754,98448
01/06/2022;Onshore;2430795,48
02/06/2022;Offshore;-2398852,379
02/06/2022;Onshore;-50786,52
03/06/2022;Offshore;-14483,23952
03/06/2022;Onshore;201861,56
06/06/2022;Offshore;-20,618609
06/06/2022;Onshore;-672375,1828
07/06/2022;Onshore;1104733,22
08/06/2022;Offshore;-83880,29329
08/06/2022;Onshore;-1056393,54
09/06/2022;Onshore;1742569,17
10/06/2022;Offshore;-2491800
10/06/2022;Onshore;4133742,358
13/06/2022;Onshore;2399162,92
14/06/2022;Onshore;3067040,89
15/06/2022;Offshore;-1124618
15/06/2022;Onshore;-431983,3
17/06/2022;Onshore;2752308,24
20/06/2022;Onshore;420976,8406
21/06/2022;Onshore;1520712,01
22/06/2022;Offshore;-4472,577979
22/06/2022;Onshore;-714691,53
23/06/2022;Onshore;-598173,45
24/06/2022;Offshore;-385689,5432
24/06/2022;Onshore;2672941,48
27/06/2022;Onshore;-2756576,717
28/06/2022;Offshore;-46961,1
28/06/2022;Onshore;-1026706,83
29/06/2022;Offshore;-25784,48388
29/06/2022;Onshore;1457306,17
30/06/2022;Onshore;11540278,68
01/07/2022;Offshore;-875,939586
01/07/2022;Onshore;692750,56
04/07/2022;Onshore;-380609,91
05/07/2022;Offshore;-21747,54581
05/07/2022;Onshore;1551679,825
06/07/2022;Onshore;309117,47
07/07/2022;Onshore;2330894,27
08/07/2022;Onshore;36834127,94
11/07/2022;Onshore;-1001044,32
12/07/2022;Onshore;638686,46
13/07/2022;Onshore;-535721,52
14/07/2022;Onshore;-137818,7
15/07/2022;Onshore;735546,72
18/07/2022;Onshore;1954778,7
19/07/2022;Offshore;2223540
19/07/2022;Onshore;119251,57
20/07/2022;Onshore;789612,7
21/07/2022;Onshore;-173330,77
22/07/2022;Onshore;776991,89
25/07/2022;Offshore;-431214,5111
25/07/2022;Onshore;1379963,61
26/07/2022;Onshore;-2487308,379
27/07/2022;Onshore;662294,4827
28/07/2022;Onshore;11952509,38
29/07/2022;Onshore;92920,36
01/08/2022;Offshore;-111523,5075
01/08/2022;Onshore;268943,52
02/08/2022;Offshore;-21114,07122
02/08/2022;Onshore;-446485,77
03/08/2022;Offshore;-30122220
03/08/2022;Onshore;91276,95812
04/08/2022;Onshore;484029,71
05/08/2022;Onshore;2742777,17
08/08/2022;Onshore;264642,49
09/08/2022;Onshore;-135663,22
10/08/2022;Onshore;134802,46
11/08/2022;Onshore;909061,08
12/08/2022;Onshore;-670506,48
15/08/2022;Onshore;-250609,59
16/08/2022;Onshore;2038599,09
17/08/2022;Onshore;1411861,5
18/08/2022;Onshore;301966,83
19/08/2022;Offshore;392857,8954
19/08/2022;Onshore;1262324,79
22/08/2022;Onshore;1262661,98
23/08/2022;Onshore;-1260611,16
24/08/2022;Onshore;-542742,61
25/08/2022;Offshore;-14275,83416
25/08/2022;Onshore;-130052,22
26/08/2022;Onshore;929637,49
29/08/2022;Onshore;-23676553,24
30/08/2022;Offshore;-51280,28517
30/08/2022;Onshore;594651,42
31/08/2022;Onshore;25138026,66
01/09/2022;Onshore;-1237493,318
02/09/2022;Offshore;-20932,09859
02/09/2022;Onshore;-28944,34961
05/09/2022;Onshore;-829241,8634
06/09/2022;Offshore;-8878,76
06/09/2022;Onshore;2568576,167
08/09/2022;Onshore;1682603,33
09/09/2022;Offshore;-4121,139528
09/09/2022;Onshore;-684340,71
12/09/2022;Onshore;1667753,006
13/09/2022;Offshore;-258970
13/09/2022;Onshore;610085,71
14/09/2022;Onshore;266579,29
15/09/2022;Onshore;-176987,701
16/09/2022;Onshore;2764626,34
19/09/2022;Onshore;3271356,89
20/09/2022;Onshore;981084,19
21/09/2022;Onshore;1195376,1
22/09/2022;Onshore;1642484,241
23/09/2022;Onshore;-173396,58
26/09/2022;Onshore;674110,98
27/09/2022;Onshore;11027,88
28/09/2022;Onshore;2059632,55
29/09/2022;Onshore;3572229,9
30/09/2022;Onshore;3068740,39
03/10/2022;Onshore;975966,31
04/10/2022;Onshore;249547,15
05/10/2022;Onshore;2674245,552
06/10/2022;Onshore;798957,6
07/10/2022;Onshore;1736485,15
10/10/2022;Onshore;2151617,074
11/10/2022;Onshore;-875934,08
13/10/2022;Onshore;-3465152,227
14/10/2022;Onshore;1573230,48
17/10/2022;Onshore;-47193,03
18/10/2022;Onshore;2308772,41
19/10/2022;Onshore;-2196578,17
20/10/2022;Onshore;24056507,14
21/10/2022;Onshore;5272851,33
24/10/2022;Onshore;342969,47
25/10/2022;Onshore;-308478,41
26/10/2022;Onshore;2435816,57
27/10/2022;Onshore;-969123,15
28/10/2022;Onshore;1867045,75
31/10/2022;Offshore;-2254469,234
31/10/2022;Onshore;-8478491,66
01/11/2022;Onshore;-4457195,48
03/11/2022;Onshore;580031,31
04/11/2022;Onshore;89176,59
07/11/2022;Onshore;-152176,21
08/11/2022;Onshore;651349,54
09/11/2022;Onshore;788522,94
10/11/2022;Onshore;16236036
11/11/2022;Onshore;626135,63
14/11/2022;Onshore;38965666,94
16/11/2022;Onshore;2682078,71
17/11/2022;Onshore;2410784,745
18/11/2022;Onshore;3913526,72
21/11/2022;Onshore;1144572,62
22/11/2022;Onshore;721558,64
23/11/2022;Onshore;-580924,92
24/11/2022;Onshore;324644,16
25/11/2022;Onshore;-1058087,38
28/11/2022;Onshore;3685855,19
29/11/2022;Onshore;3954696,63
30/11/2022;Offshore;-6628819,427
30/11/2022;Onshore;709263,03
01/12/2022;Onshore;120528,8142
02/12/2022;Onshore;-1305835,53
05/12/2022;Onshore;10204573,69
06/12/2022;Onshore;161505,38
07/12/2022;Onshore;-8603857,45
08/12/2022;Onshore;8484364,39
09/12/2022;Onshore;3770704,33
12/12/2022;Onshore;12406,94
13/12/2022;Onshore;798862,92
14/12/2022;Onshore;84270,22
15/12/2022;Onshore;-3585688,94
16/12/2022;Onshore;1172241,97
19/12/2022;Onshore;3558429,11
20/12/2022;Offshore;3546454,298
20/12/2022;Onshore;4903238,636
21/12/2022;Onshore;196282,7751
22/12/2022;Onshore;5167519,84
23/12/2022;Onshore;-4518041,22
26/12/2022;Onshore;-897464,1507
27/12/2022;Onshore;-15712,05
28/12/2022;Onshore;1341569,41
29/12/2022;Onshore;-2096288,843
30/12/2022;Onshore;71143,72
31/12/2022;Onshore;18809778,99
02/01/2023;Onshore;159492,52
03/01/2023;Offshore;-73237,76727
03/01/2023;Onshore;-148417,47
04/01/2023;Offshore;-95,030955
04/01/2023;Onshore;6097332,81
05/01/2023;Onshore;-722913,01
06/01/2023;Offshore;0
06/01/2023;Onshore;9571456,94
09/01/2023;Onshore;3383660,677
10/01/2023;Onshore;3263981,631
11/01/2023;Offshore;-26010
11/01/2023;Onshore;-300855,07
12/01/2023;Onshore;-6481428,56
13/01/2023;Onshore;353154,01
16/01/2023;Onshore;386505,0505
17/01/2023;Offshore;1273921,475
17/01/2023;Onshore;-633505,3414
18/01/2023;Offshore;1516,884564
18/01/2023;Onshore;2941991,97
19/01/2023;Onshore;3606889,25
20/01/2023;Offshore;-31191,6
20/01/2023;Onshore;165523,7191
23/01/2023;Onshore;1140029,658
24/01/2023;Offshore;-5324,688
24/01/2023;Onshore;-2623228,117
25/01/2023;Offshore;67,88586
25/01/2023;Onshore;682221,7702
26/01/2023;Offshore;5043,384735
26/01/2023;Onshore;-3217673,213
27/01/2023;Offshore;236466,6447
27/01/2023;Onshore;-938164,162
28/01/2023;Offshore;-12868,21609
29/01/2023;Offshore;-59,90506
30/01/2023;Offshore;-73710,00226
30/01/2023;Onshore;-2630827,249
31/01/2023;Offshore;-44,618875
31/01/2023;Onshore;-500529,7437
01/02/2023;Offshore;-116055,6838
01/02/2023;Onshore;-1244458,519
02/02/2023;Offshore;-281103,1615
02/02/2023;Onshore;-1238403,03
03/02/2023;Offshore;-94,20138
03/02/2023;Onshore;-8125901,234
06/02/2023;Onshore;-1921386,58
07/02/2023;Offshore;-84546,60386
07/02/2023;Onshore;-3843569,67
08/02/2023;Offshore;-18705,53703
08/02/2023;Onshore;1085880,796
09/02/2023;Offshore;-107245,75
09/02/2023;Onshore;20382698,94
10/02/2023;Onshore;1545066,04
13/02/2023;Offshore;0
13/02/2023;Onshore;-610820,9558
14/02/2023;Offshore;62,581005
14/02/2023;Onshore;5420653,75
15/02/2023;Offshore;-1567290
15/02/2023;Onshore;2799375,43
16/02/2023;Offshore;17,722016
16/02/2023;Onshore;3431074,785
17/02/2023;Offshore;-15590,49298
17/02/2023;Onshore;184090,19
18/02/2023;Offshore;-11191,63009
19/02/2023;Offshore;-1097,245152
22/02/2023;Offshore;-20692
22/02/2023;Onshore;-1061701,549
23/02/2023;Offshore;51,07335
23/02/2023;Onshore;-331967,4
24/02/2023;Offshore;16338,50677
24/02/2023;Onshore;-8575938,359
25/02/2023;Offshore;-1208,698358
27/02/2023;Offshore;-116077,5488
27/02/2023;Onshore;-834751,8122
28/02/2023;Offshore;-10415,6
28/02/2023;Onshore;-209801,5997
01/03/2023;Offshore;-6458,34624
01/03/2023;Onshore;1509648,46
02/03/2023;Offshore;-22002,60216
02/03/2023;Onshore;-48093,83
03/03/2023;Offshore;-536226,3504
03/03/2023;Onshore;319509,17
05/03/2023;Onshore;-2310,88
06/03/2023;Offshore;159433,9818
06/03/2023;Onshore;-3930835,6
07/03/2023;Offshore;67,315597
07/03/2023;Onshore;-1982248,419
08/03/2023;Offshore;1505364,18
08/03/2023;Onshore;-1322478,838
09/03/2023;Offshore;19,565493
09/03/2023;Onshore;-1833036,58
10/03/2023;Offshore;4851,782928
10/03/2023;Onshore;1844925,599
13/03/2023;Offshore;-26200
13/03/2023;Onshore;5805513,539
14/03/2023;Onshore;-110729,54
15/03/2023;Offshore;-1854335
15/03/2023;Onshore;2735068,553
16/03/2023;Onshore;2183010,944
17/03/2023;Offshore;-663968,0651
17/03/2023;Onshore;364286,4475
19/03/2023;Onshore;-451,62
20/03/2023;Offshore;-12198,5775
20/03/2023;Onshore;-8936534,67
21/03/2023;Offshore;24,229128
21/03/2023;Onshore;482667,57
22/03/2023;Offshore;-2995,6712
22/03/2023;Onshore;1680395,587
23/03/2023;Offshore;139,895856
23/03/2023;Onshore;4116448,92
24/03/2023;Offshore;42600,50534
24/03/2023;Onshore;-58469049,52
27/03/2023;Onshore;1521030,77
28/03/2023;Offshore;0
28/03/2023;Onshore;56920208,76
29/03/2023;Offshore;30,432363
29/03/2023;Onshore;554787,86
30/03/2023;Offshore;-188534,405
30/03/2023;Onshore;-2237096,33
31/03/2023;Offshore;-40395,68291
31/03/2023;Onshore;3913860,87
03/04/2023;Offshore;-50001,80947
03/04/2023;Onshore;-932394,4
04/04/2023;Offshore;-35025,78
04/04/2023;Onshore;204534,3868
05/04/2023;Offshore;0
05/04/2023;Onshore;2924862,49
06/04/2023;Onshore;28224,8
08/04/2023;Onshore;1500
10/04/2023;Offshore;19,011916
10/04/2023;Onshore;584621,2256
11/04/2023;Onshore;-75184,47
12/04/2023;Offshore;4910,646648
12/04/2023;Onshore;-1394714,93
13/04/2023;Onshore;-98192,01137
14/04/2023;Offshore;494550
14/04/2023;Onshore;1512961,59
15/04/2023;Onshore;472,17
16/04/2023;Onshore;4500
17/04/2023;Onshore;-857030,72
18/04/2023;Onshore;891032,95
19/04/2023;Onshore;930134,8625
20/04/2023;Offshore;5,302185
20/04/2023;Onshore;1389659,725
21/04/2023;Onshore;29550
22/04/2023;Onshore;1500
23/04/2023;Onshore;1500
24/04/2023;Onshore;1626659,572
25/04/2023;Offshore;495,956787
25/04/2023;Onshore;-1163985,222
26/04/2023;Offshore;69,048525
26/04/2023;Onshore;14533544,67
27/04/2023;Onshore;15237734,29
28/04/2023;Offshore;-174982,5941
28/04/2023;Onshore;-3434708,31
29/04/2023;Onshore;24744
01/05/2023;Offshore;-95880,52139
02/05/2023;Offshore;-22601,22435
02/05/2023;Onshore;3610893,148
03/05/2023;Offshore;29782,35079
03/05/2023;Onshore;-136264,8068
04/05/2023;Offshore;0
04/05/2023;Onshore;4260834,803
05/05/2023;Offshore;-1401734,122
05/05/2023;Onshore;-664246,8453
08/05/2023;Offshore;972910,3203
08/05/2023;Onshore;1001881,363
09/05/2023;Offshore;-50931,77945
09/05/2023;Onshore;-1176584,846
10/05/2023;Offshore;249250,6923
10/05/2023;Onshore;-3078,27
11/05/2023;Offshore;-409018,0578
11/05/2023;Onshore;815529,1491
12/05/2023;Offshore;-12399,13979
12/05/2023;Onshore;2899007,23
13/05/2023;Offshore;-5178,43212
13/05/2023;Onshore;-1497,33
14/05/2023;Offshore;-329,670864
14/05/2023;Onshore;1500
15/05/2023;Offshore;11685,53194
15/05/2023;Onshore;1760758,326
16/05/2023;Offshore;59,68323
16/05/2023;Onshore;39988004,5
17/05/2023;Offshore;0
17/05/2023;Onshore;6285956,716
18/05/2023;Offshore;137339,5387
18/05/2023;Onshore;860666,14
19/05/2023;Offshore;-6467,280612
19/05/2023;Onshore;-965170,3287
21/05/2023;Onshore;1500
22/05/2023;Offshore;-2769,85872
22/05/2023;Onshore;2792071,42
23/05/2023;Offshore;0
23/05/2023;Onshore;-642138,6168
24/05/2023;Offshore;-89,251096
24/05/2023;Onshore;-247978,53
25/05/2023;Offshore;-175659,0112
25/05/2023;Onshore;-325337,42
26/05/2023;Offshore;-2232,378244
26/05/2023;Onshore;5758091,07
28/05/2023;Offshore;-199,604062
29/05/2023;Offshore;-37,515454
29/05/2023;Onshore;-273942,79
30/05/2023;Offshore;-72317,88717
30/05/2023;Onshore;-226857,07
31/05/2023;Offshore;-66,654372
31/05/2023;Onshore;1175357,489
01/06/2023;Offshore;-3456,8296
01/06/2023;Onshore;-1212937,632
02/06/2023;Offshore;-24930,94483
02/06/2023;Onshore;-2545414,97
05/06/2023;Offshore;-7002,787044
05/06/2023;Onshore;-3682555,217
06/06/2023;Offshore;1030033,088
06/06/2023;Onshore;4074313,508
07/06/2023;Offshore;1718678,82
07/06/2023;Onshore;976653,0802
08/06/2023;Offshore;-13926,31712
09/06/2023;Offshore;-16656,52226
09/06/2023;Onshore;138733,64
10/06/2023;Offshore;-14643,18627
11/06/2023;Offshore;-563,09222
12/06/2023;Offshore;-297,338048
12/06/2023;Onshore;-581891,9253
13/06/2023;Offshore;-644,081443
13/06/2023;Onshore;-2885833,93
14/06/2023;Offshore;-2027,116998
14/06/2023;Onshore;10351167,79
15/06/2023;Offshore;-516,312954
15/06/2023;Onshore;-825253,2301
16/06/2023;Offshore;965720
16/06/2023;Onshore;-810544,89
17/06/2023;Offshore;-1862,342734
18/06/2023;Offshore;-542,155208
19/06/2023;Offshore;-433,238589
19/06/2023;Onshore;718589,72
20/06/2023;Offshore;1442693
20/06/2023;Onshore;-1744123,51
21/06/2023;Offshore;2150775
21/06/2023;Onshore;-2069375,46
22/06/2023;Offshore;-170015,976
22/06/2023;Onshore;87987,11
23/06/2023;Offshore;138,999492
23/06/2023;Onshore;1438326,441
26/06/2023;Offshore;168564,3027
26/06/2023;Onshore;1154404,293
27/06/2023;Offshore;25,196978
27/06/2023;Onshore;2624627,29
28/06/2023;Offshore;-364215,0699
28/06/2023;Onshore;-614066,5756
29/06/2023;Offshore;-53282,16997
29/06/2023;Onshore;-2405433,539
30/06/2023;Offshore;8,578176
30/06/2023;Onshore;3413153,158
03/07/2023;Offshore;-170576,1077
03/07/2023;Onshore;76490,27078
04/07/2023;Onshore;708581,8325
05/07/2023;Offshore;23,122652
05/07/2023;Onshore;3190118,2
06/07/2023;Onshore;1450490,94
07/07/2023;Offshore;0
07/07/2023;Onshore;5078278,27
10/07/2023;Offshore;18,81171
10/07/2023;Onshore;1180997,991
11/07/2023;Onshore;-34468,34
12/07/2023;Onshore;-594025,55
13/07/2023;Offshore;50430,58063
13/07/2023;Onshore;1067583,72
14/07/2023;Onshore;-1864656,004
17/07/2023;Offshore;28886,57638
17/07/2023;Onshore;-1148555,67
18/07/2023;Onshore;698618,3824
19/07/2023;Onshore;-344740,09
20/07/2023;Offshore;1245,902096
20/07/2023;Onshore;573691,3891
21/07/2023;Offshore;763712
21/07/2023;Onshore;808781,8274
24/07/2023;Offshore;963216,7903
24/07/2023;Onshore;1974485,08
25/07/2023;Offshore;952158,249
25/07/2023;Onshore;-2238909,563
26/07/2023;Offshore;110843,2042
26/07/2023;Onshore;1173749,23
27/07/2023;Offshore;7062,646452
27/07/2023;Onshore;-1021054,506
28/07/2023;Offshore;437725,7083
28/07/2023;Onshore;-3073246,174
31/07/2023;Offshore;-232022,8369
31/07/2023;Onshore;-1859304,751
01/08/2023;Offshore;-611,559864
01/08/2023;Onshore;724590,3754
02/08/2023;Offshore;-7933,983498
02/08/2023;Onshore;2470764,194
03/08/2023;Offshore;-16611,57233
03/08/2023;Onshore;-12099365,22
04/08/2023;Offshore;0
04/08/2023;Onshore;-77499,20875
07/08/2023;Offshore;4889,18859
07/08/2023;Onshore;485985,2756
08/08/2023;Offshore;83542,46153
08/08/2023;Onshore;4091725,379
09/08/2023;Offshore;46,80491365
09/08/2023;Onshore;116119,1132
10/08/2023;Offshore;-24259
10/08/2023;Onshore;5078830,43
11/08/2023;Offshore;-2236,726632
11/08/2023;Onshore;-2119097,2
12/08/2023;Offshore;-1791,670668
13/08/2023;Offshore;-5899,902144
14/08/2023;Offshore;-5613,471007
14/08/2023;Onshore;-154097,7595
15/08/2023;Offshore;2490417,887
15/08/2023;Onshore;2006900,436
16/08/2023;Offshore;0
16/08/2023;Onshore;-3388868,027
17/08/2023;Offshore;9611576,504
17/08/2023;Onshore;733786,6987
18/08/2023;Offshore;-306,29984
18/08/2023;Onshore;-577048,9506
20/08/2023;Onshore;1000
21/08/2023;Offshore;-14954,1
21/08/2023;Onshore;2804376,802
22/08/2023;Offshore;7878,80709
22/08/2023;Onshore;1336766,4
23/08/2023;Onshore;1340005,042
24/08/2023;Offshore;-21882,8797
24/08/2023;Onshore;-913122,6503
25/08/2023;Offshore;-112119,6585
25/08/2023;Onshore;-1707647,561
28/08/2023;Offshore;60,976748
28/08/2023;Onshore;327401,66
29/08/2023;Offshore;90,885396
29/08/2023;Onshore;2960120,898
30/08/2023;Offshore;-366,649008
30/08/2023;Onshore;2216090,722
31/08/2023;Onshore;181893,59
01/09/2023;Offshore;2053,35493
01/09/2023;Onshore;-1601389,585
04/09/2023;Onshore;23892,99113
05/09/2023;Offshore;409360,3893
05/09/2023;Onshore;-1479908,039
06/09/2023;Offshore;-320,317994
06/09/2023;Onshore;705080,24
07/09/2023;Offshore;91,213746
08/09/2023;Offshore;-72713,30164
08/09/2023;Onshore;-186139,4305
11/09/2023;Offshore;31,446142
11/09/2023;Onshore;2799799,7
12/09/2023;Offshore;504838,4256
12/09/2023;Onshore;-16550,14625
13/09/2023;Offshore;334362,8
13/09/2023;Onshore;-175502,25
14/09/2023;Offshore;487749,2699
14/09/2023;Onshore;1803675,398
15/09/2023;Offshore;243448,0674
15/09/2023;Onshore;-3723355,945
18/09/2023;Offshore;728073,1953
18/09/2023;Onshore;573256,9325
19/09/2023;Offshore;969339,1411
19/09/2023;Onshore;-2424307,16
20/09/2023;Offshore;246568,5168
20/09/2023;Onshore;283777,67
21/09/2023;Offshore;-1719,962802
21/09/2023;Onshore;150324,84
22/09/2023;Offshore;-24274,34969
22/09/2023;Onshore;1225710,943
23/09/2023;Offshore;-4679,924274
25/09/2023;Offshore;21742,60744
25/09/2023;Onshore;4809066,971
26/09/2023;Offshore;0
26/09/2023;Onshore;427396,6695
27/09/2023;Offshore;331191,3349
27/09/2023;Onshore;1398792,83
28/09/2023;Offshore;-3432298,435
28/09/2023;Onshore;1243503,85
29/09/2023;Offshore;-754811,1216
29/09/2023;Onshore;933009,01
02/10/2023;Offshore;602326,8073
02/10/2023;Onshore;-64992,39
03/10/2023;Offshore;-22270,2487
03/10/2023;Onshore;-444000,8138
04/10/2023;Offshore;-119,643372
04/10/2023;Onshore;-603868,86
05/10/2023;Offshore;267209,8622
05/10/2023;Onshore;685087,46
06/10/2023;Offshore;253092,4104
06/10/2023;Onshore;47412552,62
07/10/2023;Offshore;-948,074598
08/10/2023;Offshore;-828,35169
09/10/2023;Offshore;-741,355434
09/10/2023;Onshore;911726,96
10/10/2023;Offshore;-1283,706018
10/10/2023;Onshore;-12403860,47
11/10/2023;Offshore;-20189,5632
11/10/2023;Onshore;6809,107137
13/10/2023;Offshore;26,679375
13/10/2023;Onshore;-857484,3627
14/10/2023;Offshore;-215,96625
15/10/2023;Offshore;-153,140625
16/10/2023;Offshore;2,328428
16/10/2023;Onshore;-786622,8575
17/10/2023;Offshore;-251920
17/10/2023;Onshore;3833914,382
18/10/2023;Onshore;3345570,19
19/10/2023;Offshore;-116812,2934
19/10/2023;Onshore;-1805850,072
20/10/2023;Offshore;4879,337376
20/10/2023;Onshore;-112042,0088
23/10/2023;Onshore;-624445,9547
24/10/2023;Offshore;-33418,3875
24/10/2023;Onshore;25369053,75
25/10/2023;Offshore;69,573552
25/10/2023;Onshore;482873,4206
26/10/2023;Onshore;-1885515,39
27/10/2023;Offshore;0
27/10/2023;Onshore;-778662,793
30/10/2023;Offshore;-129406,6889
30/10/2023;Onshore;-5399662,039
31/10/2023;Offshore;39,2462
31/10/2023;Onshore;849977,2468
01/11/2023;Offshore;0
01/11/2023;Onshore;2023657,18
02/11/2023;Offshore;-22538,36085
03/11/2023;Offshore;978109,7121
03/11/2023;Onshore;280640,17
06/11/2023;Offshore;979980
06/11/2023;Onshore;433435,08
07/11/2023;Offshore;897633,8536
07/11/2023;Onshore;-1876713,93
08/11/2023;Offshore;977145,142
08/11/2023;Onshore;332151,99
09/11/2023;Offshore;12807767,89
09/11/2023;Onshore;-393717,26
10/11/2023;Onshore;45673,51
13/11/2023;Offshore;3,595031
13/11/2023;Onshore;-2493011,51
14/11/2023;Offshore;973708,1061
14/11/2023;Onshore;1247520,28
15/11/2023;Offshore;7,010208
16/11/2023;Offshore;1214454,614
16/11/2023;Onshore;-5528524,54
17/11/2023;Offshore;489483,8329
17/11/2023;Onshore;-210740,83
20/11/2023;Offshore;3150,575349
20/11/2023;Onshore;-2064784,26
21/11/2023;Offshore;975321,8755
21/11/2023;Onshore;-1205555,19
22/11/2023;Offshore;20241,36351
22/11/2023;Onshore;-350392,48
23/11/2023;Onshore;-772508,37
24/11/2023;Offshore;53,917554
24/11/2023;Onshore;6159405,35
27/11/2023;Offshore;734265
27/11/2023;Onshore;-5765725,64
28/11/2023;Offshore;-122106,6117
28/11/2023;Onshore;-2596494,38
29/11/2023;Offshore;824405,5681
29/11/2023;Onshore;1444092,24
30/11/2023;Offshore;0
30/11/2023;Onshore;406920,62
01/12/2023;Offshore;1,524921
01/12/2023;Onshore;706842,87
04/12/2023;Offshore;517548,8384
04/12/2023;Onshore;651766,6
05/12/2023;Offshore;90,773826
05/12/2023;Onshore;-3791814,83
06/12/2023;Offshore;989370,0723
06/12/2023;Onshore;16952,59
07/12/2023;Offshore;156,14731
07/12/2023;Onshore;948037,24
08/12/2023;Offshore;491660,0784
08/12/2023;Onshore;63802,77
11/12/2023;Offshore;263201,7998
11/12/2023;Onshore;-395040,56
12/12/2023;Offshore;34,237392
12/12/2023;Onshore;-2124963,995
13/12/2023;Offshore;3,61934
13/12/2023;Onshore;2035777,2
14/12/2023;Offshore;-23033,19883
14/12/2023;Onshore;9993412,03
15/12/2023;Offshore;16,893774
15/12/2023;Onshore;3594435,97
18/12/2023;Offshore;0
18/12/2023;Onshore;2170360,72
19/12/2023;Offshore;87930,29395
19/12/2023;Onshore;-3175304,02
20/12/2023;Offshore;1596752,404
20/12/2023;Onshore;303960,63
21/12/2023;Offshore;971023,9357
21/12/2023;Onshore;-750213
22/12/2023;Offshore;1061985,498
22/12/2023;Onshore;1473516,81
26/12/2023;Offshore;1592363,267
26/12/2023;Onshore;2891103,892
27/12/2023;Offshore;969963,7567
27/12/2023;Onshore;11609772,84
28/12/2023;Offshore;6445125,525
28/12/2023;Onshore;8176027,49
29/12/2023;Offshore;119,483284
29/12/2023;Onshore;347666,08
01/01/2024;Offshore;2137581,416
02/01/2024;Onshore;-274332,23
03/01/2024;Onshore;-361690,04
04/01/2024;Onshore;2801167,58
05/01/2024;Onshore;-1264740,62
08/01/2024;Onshore;223974,94
09/01/2024;Onshore;2062647,98
10/01/2024;Onshore;2539867,52
11/01/2024;Onshore;1193088,84
12/01/2024;Onshore;-408598,56
15/01/2024;Onshore;-1672480,12
16/01/2024;Onshore;1116353,78
17/01/2024;Onshore;-1019110,27
18/01/2024;Onshore;1682025,99
19/01/2024;Onshore;674331,03
22/01/2024;Onshore;-851159,57
23/01/2024;Onshore;102015,88
24/01/2024;Onshore;130848,75
25/01/2024;Onshore;30589,47
26/01/2024;Onshore;1696300,42
29/01/2024;Onshore;8271349,88
30/01/2024;Onshore;-2184736,36
31/01/2024;Onshore;-5088549,47
01/02/2024;Offshore;5489448,484
01/02/2024;Onshore;-196922,79
02/02/2024;Onshore;-621859,95
05/02/2024;Onshore;-1559358,79
06/02/2024;Onshore;1720062,87
07/02/2024;Onshore;-388715,94
08/02/2024;Onshore;-11188615,56
09/02/2024;Onshore;647475,51
14/02/2024;Onshore;-978590,58
15/02/2024;Onshore;-6947447,17
16/02/2024;Onshore;-5071456,92
19/02/2024;Onshore;-26069,65
20/02/2024;Onshore;-375639,71
21/02/2024;Onshore;3037005,86
22/02/2024;Onshore;1958424,46
23/02/2024;Onshore;1312157,49
26/02/2024;Onshore;-12594507,79
27/02/2024;Onshore;1425957,84
28/02/2024;Onshore;8180109,77
29/02/2024;Onshore;1217645,71
01/03/2024;Offshore;-698060,3771
01/03/2024;Onshore;-60728,21
04/03/2024;Onshore;-9332443,21
05/03/2024;Onshore;-2061823,81
06/03/2024;Onshore;1748196,4
07/03/2024;Onshore;1928299,35
08/03/2024;Onshore;357289,28
11/03/2024;Onshore;-2128168,48
12/03/2024;Onshore;1650429,84
13/03/2024;Onshore;1587701,17
14/03/2024;Onshore;743006,29
15/03/2024;Onshore;-1320291,35
18/03/2024;Onshore;-1042519,85
19/03/2024;Onshore;636091,02
20/03/2024;Onshore;224624,66
21/03/2024;Onshore;528685,11
22/03/2024;Onshore;678100,61
25/03/2024;Onshore;-941831,55
26/03/2024;Onshore;-464154,69
27/03/2024;Onshore;2074213,84
28/03/2024;Onshore;-2661418,02
01/04/2024;Offshore;2789142,745
01/04/2024;Onshore;7600,23
02/04/2024;Onshore;4120152,34
03/04/2024;Onshore;621188,83
04/04/2024;Onshore;635951
05/04/2024;Onshore;-892279,63
08/04/2024;Onshore;962989,94
09/04/2024;Onshore;-1151698,86
10/04/2024;Onshore;394410,02
11/04/2024;Onshore;986902,85
12/04/2024;Onshore;1378360,93
15/04/2024;Onshore;-740942,28
16/04/2024;Onshore;2042545,79
17/04/2024;Onshore;1682032,89
18/04/2024;Onshore;587373,5
19/04/2024;Onshore;738835,09
22/04/2024;Onshore;-270014,95
23/04/2024;Onshore;-1438913,48
24/04/2024;Onshore;4327634,19
25/04/2024;Onshore;-2562377,16
26/04/2024;Onshore;4105224,37
29/04/2024;Onshore;473576,26
30/04/2024;Onshore;-3180745,3
01/05/2024;Offshore;1740138,497
02/05/2024;Onshore;10723399,59
03/05/2024;Onshore;-22456,05
06/05/2024;Onshore;6893397,42
07/05/2024;Onshore;-7214782,69
08/05/2024;Onshore;5181726,29
09/05/2024;Onshore;1590712,89
10/05/2024;Onshore;2079449,81
13/05/2024;Onshore;3720426,53
14/05/2024;Onshore;1637411,91
15/05/2024;Onshore;790261,42
16/05/2024;Onshore;1491848,11
17/05/2024;Onshore;3408222,49
20/05/2024;Onshore;-493948,91
21/05/2024;Onshore;98390,66
22/05/2024;Onshore;940670,59
23/05/2024;Onshore;-564280,68
24/05/2024;Onshore;6598365,04
27/05/2024;Onshore;4258905,02
28/05/2024;Onshore;-796445,95
29/05/2024;Onshore;203587,58
31/05/2024;Onshore;13164808,09
01/06/2024;Offshore;21629,3484
03/06/2024;Onshore;-1899545,79
04/06/2024;Onshore;1151680,43
05/06/2024;Onshore;-423462,25
06/06/2024;Onshore;2552053,33
07/06/2024;Onshore;17737695,63
10/06/2024;Onshore;-3222537,54
11/06/2024;Onshore;1165757,24
12/06/2024;Onshore;1245321,97
13/06/2024;Onshore;1514447,3
14/06/2024;Onshore;-2310026,76
17/06/2024;Onshore;-1918188,46
18/06/2024;Onshore;3251895,75
19/06/2024;Onshore;947079,23
20/06/2024;Onshore;877128,34
21/06/2024;Onshore;2273498,2
24/06/2024;Onshore;687112,32
25/06/2024;Onshore;-3238917,46
26/06/2024;Onshore;127671,65
27/06/2024;Onshore;-2082070,2
28/06/2024;Onshore;-3889841,07
01/07/2024;Offshore;10854183,28
01/07/2024;Onshore;467645,13
02/07/2024;Onshore;27459050,69
03/07/2024;Onshore;2423134,98
04/07/2024;Onshore;1004418,17
05/07/2024;Onshore;1151336,76
08/07/2024;Onshore;3227384,09
09/07/2024;Onshore;-10776135,54
10/07/2024;Onshore;1503933,51
11/07/2024;Onshore;11092609,22
12/07/2024;Onshore;10937336,33
15/07/2024;Onshore;-924498,06
16/07/2024;Onshore;-7655480,12
17/07/2024;Onshore;898999,05
18/07/2024;Onshore;-11735554,86
19/07/2024;Onshore;4068185,88
22/07/2024;Onshore;9186801,3
23/07/2024;Onshore;2828172,8
24/07/2024;Onshore;1087514,78
25/07/2024;Onshore;2013643,45
26/07/2024;Onshore;596977,65
29/07/2024;Onshore;-428395,87
30/07/2024;Onshore;1877003,79
31/07/2024;Onshore;-448080,15
01/08/2024;Offshore;-64012,91407
01/08/2024;Onshore;4183176,12
02/08/2024;Onshore;2103163,17
05/08/2024;Onshore;-1499230,86
06/08/2024;Onshore;2139140,31
07/08/2024;Onshore;2621754,93
08/08/2024;Onshore;3422712,11
09/08/2024;Onshore;2009601,69
12/08/2024;Onshore;5096037,35
13/08/2024;Onshore;7643072,46
14/08/2024;Onshore;-7904206,09
15/08/2024;Onshore;126716,74
16/08/2024;Onshore;1216344,62
19/08/2024;Onshore;2489188,34
20/08/2024;Onshore;1872207,84
21/08/2024;Onshore;1301030,44
22/08/2024;Onshore;931736,93
23/08/2024;Onshore;1891140,54
26/08/2024;Onshore;1260355,55
27/08/2024;Onshore;1827622,31
28/08/2024;Onshore;404243,08
29/08/2024;Onshore;465093,81
30/08/2024;Onshore;396294,93
01/09/2024;Offshore;4060149,194
02/09/2024;Onshore;-2474140,27
03/09/2024;Onshore;-657710,41
04/09/2024;Onshore;396137,6
05/09/2024;Onshore;373447,44
06/09/2024;Onshore;2597874,31
09/09/2024;Onshore;4177117,82
10/09/2024;Onshore;723785,09
11/09/2024;Onshore;2729340,11
12/09/2024;Onshore;-439303,77
13/09/2024;Onshore;4185071,65
16/09/2024;Onshore;-1940756,89
17/09/2024;Onshore;-196547,76
18/09/2024;Onshore;3553939,76
19/09/2024;Onshore;1333983,55
20/09/2024;Onshore;-865644,94
23/09/2024;Onshore;-19107,06
24/09/2024;Onshore;4233430,01
25/09/2024;Onshore;1201115,68
26/09/2024;Onshore;-457808,96
27/09/2024;Onshore;-3866215,28
30/09/2024;Onshore;-2939118,52
01/10/2024;Offshore;-755902,0973
01/10/2024;Onshore;635682,06
02/10/2024;Onshore;-203156,03
03/10/2024;Onshore;975955,69
04/10/2024;Onshore;-1218683,9
07/10/2024;Onshore;1627572,35
08/10/2024;Onshore;-196036,67
09/10/2024;Onshore;1413481,14
10/10/2024;Onshore;-708906,14
11/10/2024;Onshore;1442199,77
14/10/2024;Onshore;-657356,38
15/10/2024;Onshore;-3484271,8
16/10/2024;Onshore;1103344,4
17/10/2024;Onshore;2054132,99
18/10/2024;Onshore;-3969872,92
21/10/2024;Onshore;-1341076,45
22/10/2024;Onshore;-299509,79
23/10/2024;Onshore;570067,25
24/10/2024;Onshore;401278,29
25/10/2024;Onshore;3282315,49
28/10/2024;Onshore;1793630,58
29/10/2024;Onshore;-615592,15
30/10/2024;Onshore;-1249328,39
31/10/2024;Onshore;4470814,94
01/11/2024;Offshore;-18211811,42
01/11/2024;Onshore;137283,06
04/11/2024;Onshore;1068700,24
05/11/2024;Onshore;363284,1
06/11/2024;Onshore;6467286,97
07/11/2024;Onshore;-1044543,55
08/11/2024;Onshore;1436778,77
11/11/2024;Onshore;-2062993,92
12/11/2024;Onshore;929638,16
13/11/2024;Onshore;1326717,83
14/11/2024;Onshore;-1384425,39
18/11/2024;Onshore;-2515971,59
19/11/2024;Onshore;1299110,77
21/11/2024;Onshore;11319682,75
22/11/2024;Onshore;1946839,79
25/11/2024;Onshore;2200846,91
26/11/2024;Onshore;1313252,07
27/11/2024;Onshore;1098955,08
28/11/2024;Onshore;1828521,54
29/11/2024;Onshore;5081637,36
01/12/2024;Offshore;439745,1593
02/12/2024;Onshore;-1223496,34
03/12/2024;Onshore;775119,88
04/12/2024;Onshore;1966484,13
05/12/2024;Onshore;4628710,69
06/12/2024;Onshore;5955200,14
09/12/2024;Onshore;1112747,19
10/12/2024;Onshore;2312862,55
11/12/2024;Onshore;-1367645,43
12/12/2024;Onshore;-9073429,3
13/12/2024;Onshore;2337972,72
16/12/2024;Onshore;-1181733,31
17/12/2024;Onshore;3764897,4
18/12/2024;Onshore;6076658,89
19/12/2024;Onshore;2169433,29
20/12/2024;Onshore;831444,71
23/12/2024;Onshore;-912842,41
24/12/2024;Onshore;362903,9
26/12/2024;Onshore;-11563603,53
27/12/2024;Onshore;516118,09
30/12/2024;Onshore;7172943,58
31/12/2024;Onshore;384959,19
01/01/2025;Offshore;4661916,581
02/01/2025;Offshore;-12417,2
02/01/2025;Onshore;-1627049,47
03/01/2025;Onshore;967120,34
06/01/2025;Offshore;2512,418733
06/01/2025;Onshore;-1223921,5
07/01/2025;Offshore;63991,73684
07/01/2025;Onshore;3530091,33
08/01/2025;Offshore;4857,604336
08/01/2025;Onshore;1113980,87
09/01/2025;Offshore;36612,68477
09/01/2025;Onshore;87311,05
10/01/2025;Onshore;-802667,71
13/01/2025;Onshore;3676550,21
14/01/2025;Offshore;791,028498
14/01/2025;Onshore;-1415465
15/01/2025;Offshore;-28,920583
15/01/2025;Onshore;-1359165,76
16/01/2025;Onshore;-1176095,24
17/01/2025;Onshore;-2234314,05
20/01/2025;Onshore;-4035027,95
21/01/2025;Onshore;6653262,36
22/01/2025;Offshore;21615,11628
22/01/2025;Onshore;-29356,13
23/01/2025;Offshore;28800,85253
23/01/2025;Onshore;3397862,73
24/01/2025;Offshore;45752,31625
24/01/2025;Onshore;9151608,77
27/01/2025;Offshore;531,432752
27/01/2025;Onshore;6399494,05
28/01/2025;Offshore;3121,5221
28/01/2025;Onshore;-3681405,83
29/01/2025;Offshore;5048,221188
29/01/2025;Onshore;1788789,1
30/01/2025;Onshore;5296107,87
31/01/2025;Onshore;15087290,7
01/02/2025;Offshore;-104506,259
03/02/2025;Offshore;-23474,8
03/02/2025;Onshore;12304992,93
04/02/2025;Offshore;3922,526805
04/02/2025;Onshore;949477,59
05/02/2025;Onshore;-351156,3
06/02/2025;Onshore;6287051,44
07/02/2025;Onshore;4131745,32
10/02/2025;Onshore;1605685,18
11/02/2025;Onshore;2818570,93
12/02/2025;Offshore;28872,46703
12/02/2025;Onshore;1260758,83
13/02/2025;Onshore;-4405569,62
14/02/2025;Onshore;6664703,31
17/02/2025;Onshore;-1933933,56
18/02/2025;Onshore;4039877,71
19/02/2025;Onshore;-5734299,01
20/02/2025;Offshore;87217,57384
20/02/2025;Onshore;439730,07
21/02/2025;Offshore;-61435,35818
21/02/2025;Onshore;2342057,45
24/02/2025;Offshore;-959,243274
24/02/2025;Onshore;2692494,21
25/02/2025;Offshore;6513,657786
25/02/2025;Onshore;365992,36
26/02/2025;Onshore;5597459,03
27/02/2025;Onshore;745667,65
28/02/2025;Offshore;-11821,82851
28/02/2025;Onshore;4886065,29
01/03/2025;Offshore;-13859768,61
05/03/2025;Onshore;-1373093,17
06/03/2025;Onshore;3507981,01
07/03/2025;Offshore;486,713656
07/03/2025;Onshore;4644769,89
10/03/2025;Offshore;-1196,13864
10/03/2025;Onshore;-6952875,46
11/03/2025;Offshore;1312,843346
11/03/2025;Onshore;3186929,8
12/03/2025;Onshore;952793,47
13/03/2025;Onshore;1182228,88
14/03/2025;Offshore;7161,986708
14/03/2025;Onshore;-812215,72
17/03/2025;Offshore;571,048328
17/03/2025;Onshore;-5247572,81
18/03/2025;Offshore;2842,6
18/03/2025;Onshore;1752531,98
19/03/2025;Onshore;-1852786,53
20/03/2025;Offshore;3002,303304
20/03/2025;Onshore;-3684970,54
21/03/2025;Onshore;3511004,73
24/03/2025;Offshore;-10238,34168
24/03/2025;Onshore;1219557,55
25/03/2025;Onshore;-966485,9
26/03/2025;Onshore;76482,94
27/03/2025;Offshore;-5218,811622
27/03/2025;Onshore;-5719036,44
28/03/2025;Onshore;7106562,42
31/03/2025;Onshore;235382,41
01/04/2025;Offshore;1340856,131
01/04/2025;Onshore;7524901,39
02/04/2025;Offshore;29185,67441
02/04/2025;Onshore;1201136,62
03/04/2025;Offshore;6429,931761
03/04/2025;Onshore;6787366,35
04/04/2025;Offshore;-25606,07308
04/04/2025;Onshore;3337296,56
07/04/2025;Offshore;318,112431
07/04/2025;Onshore;-1418341,65
08/04/2025;Offshore;9704,115176
08/04/2025;Onshore;1031059,88
09/04/2025;Offshore;-23162,14011
09/04/2025;Onshore;1212579,57
10/04/2025;Onshore;-297876,6
11/04/2025;Onshore;1259887,87
14/04/2025;Onshore;-85695,97
15/04/2025;Onshore;22852620,87
16/04/2025;Onshore;-1596978,06
17/04/2025;Onshore;10352,04
22/04/2025;Offshore;5750,692424
22/04/2025;Onshore;-113721,1
23/04/2025;Offshore;-10128,6216
23/04/2025;Onshore;-1651227,78
24/04/2025;Onshore;-4941273,85
25/04/2025;Onshore;-1917750,61
28/04/2025;Onshore;-276236,63
29/04/2025;Offshore;-374,037408
29/04/2025;Onshore;-222708,64
30/04/2025;Onshore;-5454965,47
01/05/2025;Offshore;-865735,3862
02/05/2025;Offshore;487,356948
02/05/2025;Onshore;-1107950
05/05/2025;Offshore;-11107,42344
05/05/2025;Onshore;1348807,17
06/05/2025;Onshore;4508405,39
07/05/2025;Offshore;2894,6835
07/05/2025;Onshore;378583,09
08/05/2025;Offshore;0
08/05/2025;Onshore;5624563,73
09/05/2025;Offshore;35463,98665
09/05/2025;Onshore;1526280,88
12/05/2025;Onshore;2783341,78
13/05/2025;Offshore;1463,09331
13/05/2025;Onshore;781801,98
14/05/2025;Offshore;53735,6655
14/05/2025;Onshore;199439594
15/05/2025;Onshore;7127871,35
16/05/2025;Offshore;-330,6204
16/05/2025;Onshore;-232000,65
19/05/2025;Offshore;-19405,6764
19/05/2025;Onshore;375479,96
20/05/2025;Offshore;-6256,11366
20/05/2025;Onshore;-963141,86
21/05/2025;Offshore;2060,655246
21/05/2025;Onshore;-4936736,07
22/05/2025;Onshore;6006698,19
23/05/2025;Offshore;58698,94155
23/05/2025;Onshore;11998602,21
26/05/2025;Onshore;4552172,35
27/05/2025;Onshore;-2339559,03
28/05/2025;Offshore;-54989,24429
28/05/2025;Onshore;672758,46
29/05/2025;Onshore;-4800293,76
30/05/2025;Onshore;103170780,3
01/06/2025;Offshore;2309659,456
02/06/2025;Onshore;2258265,99
03/06/2025;Onshore;6608037,17
04/06/2025;Onshore;-60812,58
05/06/2025;Offshore;38363,33539
05/06/2025;Onshore;-4048388,17
06/06/2025;Offshore;6680,463429
06/06/2025;Onshore;142593,72
09/06/2025;Offshore;5811,0284
09/06/2025;Onshore;-2066980,19
10/06/2025;Offshore;-7222,41
10/06/2025;Onshore;283224,42
11/06/2025;Offshore;5929,38872
11/06/2025;Onshore;-152078,97
12/06/2025;Offshore;-54880,59219
12/06/2025;Onshore;-3270227,28
13/06/2025;Offshore;-37458,74903
13/06/2025;Onshore;-3917232,06
16/06/2025;Offshore;6418,687489
16/06/2025;Onshore;-4411934
17/06/2025;Offshore;228592,103
17/06/2025;Onshore;698719,85
18/06/2025;Onshore;2332070,42
20/06/2025;Onshore;4166000,61
23/06/2025;Offshore;5634,817928
23/06/2025;Onshore;4577871,98
24/06/2025;Offshore;4846,90505
24/06/2025;Onshore;414712,54
25/06/2025;Offshore;7061,510654
25/06/2025;Onshore;2141173,52
26/06/2025;Onshore;1651102,27
27/06/2025;Offshore;5676,591735
27/06/2025;Onshore;-2874158,99
30/06/2025;Onshore;-31245341,69
01/07/2025;Offshore;-2627620,844
01/07/2025;Onshore;464562,17
02/07/2025;Offshore;14103,29013
02/07/2025;Onshore;-1934093,68
03/07/2025;Offshore;-34915,15597
03/07/2025;Onshore;5207910,89
04/07/2025;Onshore;-6364330,42
07/07/2025;Offshore;48107,77224
07/07/2025;Onshore;3136994,42
08/07/2025;Offshore;-26704,15514
08/07/2025;Onshore;10300054,23
09/07/2025;Onshore;2502282,42
10/07/2025;Offshore;-318,684317
10/07/2025;Onshore;4070817,71
11/07/2025;Offshore;12644,65913
11/07/2025;Onshore;3246766,6
14/07/2025;Offshore;11881,09626
14/07/2025;Onshore;-464598,5
15/07/2025;Offshore;-2796,195288
15/07/2025;Onshore;5675758,53
16/07/2025;Offshore;-61364,57689
16/07/2025;Onshore;-49595914,16
17/07/2025;Offshore;32739,55151
17/07/2025;Onshore;190804,25
18/07/2025;Offshore;-52068,29705
18/07/2025;Onshore;-1801396,13
21/07/2025;Offshore;-44,778125
21/07/2025;Onshore;-3186176,85
22/07/2025;Onshore;1085686,92
23/07/2025;Offshore;482,338845
23/07/2025;Onshore;4448471,4
24/07/2025;Offshore;25463,74279
24/07/2025;Onshore;-42032487,12
25/07/2025;Onshore;42769176,23
28/07/2025;Offshore;29542,95218
28/07/2025;Onshore;-288081,23
29/07/2025;Onshore;-6667653,68
30/07/2025;Onshore;-5980374,19
31/07/2025;Onshore;2084071,59
01/08/2025;Offshore;2619218,453
01/08/2025;Onshore;1617244,66
04/08/2025;Offshore;9022,218552
04/08/2025;Onshore;2398359,03
05/08/2025;Onshore;-4593604,57
